Algoritmo,Tama√±o,Ticks
0,4096,607228
0,4096,410298
0,4096,410190
0,4096,409917
0,4096,410190
0,4096,410961
0,4096,411525
0,4096,410625
0,4096,411066
0,4096,410328
0,4096,410115
0,4096,430791
0,4096,398787
0,4096,398952
0,4096,399036
0,4096,398385
0,4096,399912
0,4096,398730
0,4096,399039
0,4096,400065
0,4096,398022
0,4096,398259
0,4096,399027
0,4096,398643
0,4096,502914
0,4096,630772
0,4096,592386
0,4096,589903
0,4096,590685
0,4096,590750
0,4096,590832
0,4096,590924
0,4096,592523
0,4096,591761
0,4096,590623
0,4096,591350
0,4096,591913
0,4096,589126
0,4096,589061
0,4096,591853
0,4096,591925
0,4096,590177
0,4096,593477
0,4096,591487
0,4096,590416
0,4096,592010
0,4096,609282
0,4096,590685
0,4096,591161
0,4096,590805
0,4096,590481
0,4096,591355
0,4096,590299
0,4096,589918
0,4096,592767
0,4096,589923
0,4096,590543
0,4096,591412
0,4096,591059
0,4096,589579
0,4096,589766
0,4096,589151
0,4096,591462
0,4096,588867
0,4096,591355
0,4096,592685
0,4096,591168
0,4096,590690
0,4096,590705
0,4096,605733
0,4096,590775
0,4096,589432
0,4096,590877
0,4096,591544
0,4096,592289
0,4096,592486
0,4096,588187
0,4096,588720
0,4096,590603
0,4096,590005
0,4096,590461
0,4096,590471
0,4096,590538
0,4096,591908
0,4096,591823
0,4096,589440
0,4096,591803
0,4096,592653
0,4096,589285
0,4096,589953
0,4096,592508
0,4096,603509
0,4096,592426
0,4096,590366
0,4096,591624
0,4096,590802
0,4096,591761
0,4096,590857
0,4096,590807
0,4096,590172
0,4096,700211
0,4096,591801
0,4096,590227
0,4096,591036
0,4096,590685
0,4096,591171
0,4096,591883
0,4096,590832
0,4096,590396
0,4096,593133
0,4096,590436
0,4096,591639
0,4096,672040
0,4096,508668
0,4096,511052
0,4096,508972
0,4096,508576
0,4096,510948
0,4096,508788
0,4096,509968
0,4096,509412
0,4096,509728
0,4096,511524
0,4096,509844
0,4096,509660
0,4096,509256
0,4096,510536
0,4096,509128
0,4096,508992
0,4096,509540
0,4096,510196
0,4096,508264
0,4096,508416
0,4096,508228
0,4096,509280
0,4096,509476
0,4096,509460
0,4096,527448
0,4096,509200
0,4096,509680
0,4096,510168
0,4096,508696
0,4096,509512
0,4096,509196
0,4096,507884
0,4096,507692
0,4096,509920
0,4096,507980
0,4096,510380
0,4096,508500
0,4096,508320
0,4096,509792
0,4096,509528
0,4096,510112
0,4096,508728
0,4096,510148
0,4096,509448
0,4096,510104
0,4096,508412
0,4096,508972
0,4096,508564
0,4096,511884
0,4096,508464
0,4096,545028
0,4096,435579
0,4096,398400
0,4096,399036
0,4096,398028
0,4096,399249
0,4096,399180
0,4096,399792
0,4096,399006
0,4096,399894
0,4096,399531
0,4096,399027
0,4096,399282
0,4096,399492
0,4096,399675
0,4096,398493
0,4096,399996
0,4096,399048
0,4096,398892
0,4096,399588
0,4096,399441
0,4096,399174
0,4096,399027
0,4096,400239
0,4096,399888
0,4096,398370
0,4096,399462
0,4096,400722
0,4096,400125
0,4096,398580
0,4096,399672
0,4096,398931
0,4096,398562
0,4096,514893
0,4096,399780
0,4096,399690
0,4096,399411
0,16384,1997541
0,16384,1669116
0,16384,1667370
0,16384,1665951
0,16384,1668045
0,16384,1878571
0,16384,2400395
0,16384,2396926
0,16384,2402360
0,16384,2400831
0,16384,2403152
0,16384,2426145
0,16384,2401989
0,16384,2400679
0,16384,2399852
0,16384,2402176
0,16384,2418138
0,16384,2398024
0,16384,2398181
0,16384,2401122
0,16384,2404537
0,16384,2400881
0,16384,1961995
0,16384,1623663
0,16384,1621332
0,16384,1624737
0,16384,1624098
0,16384,1621920
0,16384,1623111
0,16384,1619337
0,16384,1689525
0,16384,1620522
0,16384,1622508
0,16384,1621461
0,16384,1622151
0,16384,1623333
0,16384,1621431
0,16384,1621176
0,16384,1852101
0,16384,1625052
0,16384,1674030
0,16384,1667799
0,16384,1671306
0,16384,1668312
0,16384,1666065
0,16384,1668381
0,16384,1699947
0,16384,1659963
0,16384,1622223
0,16384,1622520
0,16384,1624620
0,16384,1620828
0,16384,1624566
0,16384,1621785
0,16384,1750287
0,16384,1624437
0,16384,1617783
0,16384,1622316
0,16384,1622784
0,16384,1621140
0,16384,1619544
0,16384,1622163
0,16384,1648182
0,16384,1622457
0,16384,1622679
0,16384,1623132
0,16384,1623147
0,16384,1622820
0,16384,1623063
0,16384,1617942
0,16384,1744518
0,16384,1622055
0,16384,1622253
0,16384,1621587
0,16384,1624110
0,16384,1627260
0,16384,1620651
0,16384,1623006
0,16384,1636767
0,16384,1623960
0,16384,1623867
0,16384,1623693
0,16384,1621032
0,16384,1623738
0,16384,1622157
0,16384,1622817
0,16384,1647675
0,16384,1624290
0,16384,1622361
0,16384,1623474
0,16384,1620864
0,16384,1622787
0,16384,1624908
0,16384,1622721
0,16384,1636335
0,16384,1623969
0,16384,1627329
0,16384,1621860
0,16384,1621629
0,16384,1622511
0,16384,4194786
0,16384,3713432
0,16384,3707930
0,16384,3754980
0,16384,3707096
0,16384,3710759
0,16384,3709711
0,16384,3765473
0,16384,3713053
0,16384,3710058
0,16384,3787443
0,16384,1781830
0,16384,1604505
0,16384,1603893
0,16384,1603575
0,16384,1603017
0,16384,1602903
0,16384,1602156
0,16384,1655409
0,16384,1655238
0,16384,1603419
0,16384,1603281
0,16384,1604865
0,16384,1603152
0,16384,1605288
0,16384,1604754
0,16384,1605006
0,16384,1623444
0,16384,1602042
0,16384,1605180
0,16384,1604517
0,16384,1605291
0,16384,1603305
0,16384,1604448
0,16384,1603617
0,16384,1629459
0,16384,1602693
0,16384,1608879
0,16384,1600521
0,16384,1605534
0,16384,1603350
0,16384,1604241
0,16384,1603086
0,16384,1620357
0,16384,1602198
0,16384,1602795
0,16384,1602384
0,16384,1602201
0,16384,1602015
0,16384,1603524
0,16384,1604031
0,16384,1619421
0,16384,1605084
0,16384,1606191
0,16384,1604442
0,16384,1603065
0,16384,1604052
0,16384,1602093
0,16384,1638378
0,16384,1701318
0,16384,1652001
0,16384,1601181
0,16384,1605198
0,16384,1605057
0,16384,1604760
0,16384,1604418
0,16384,1606614
0,16384,1621440
0,16384,1665267
0,16384,1603485
0,16384,1604247
0,16384,1604049
0,16384,1604679
0,16384,1603473
0,16384,1602036
0,16384,1601988
0,16384,1624617
0,16384,1604520
0,16384,1601913
0,16384,1603995
0,16384,1603116
0,16384,1603593
0,16384,1604451
0,16384,1601685
0,16384,1628853
0,16384,1604511
0,16384,1605390
0,16384,1604730
0,16384,1603125
0,16384,1602258
0,16384,1604109
0,16384,1603791
0,16384,1623321
0,16384,1603920
0,16384,1601808
0,16384,1604769
0,16384,1605537
0,16384,1604490
0,16384,1604088
0,16384,1603125
0,36864,4261902
0,36864,3734211
0,36864,3674883
0,36864,7235826
0,36864,8440071
0,36864,8408392
0,36864,8456943
0,36864,8368622
0,36864,3637407
0,36864,3638115
0,36864,3635010
0,36864,3775620
0,36864,3638274
0,36864,3632943
0,36864,3639582
0,36864,3702462
0,36864,3635364
0,36864,3636051
0,36864,3770196
0,36864,3636153
0,36864,3636783
0,36864,3635262
0,36864,3657801
0,36864,3635232
0,36864,3637197
0,36864,3669099
0,36864,3632028
0,36864,3636885
0,36864,3633057
0,36864,3758637
0,36864,3635535
0,36864,3630603
0,36864,3636420
0,36864,3652302
0,36864,3635361
0,36864,3635979
0,36864,3662883
0,36864,3633600
0,36864,3637047
0,36864,3637887
0,36864,3654603
0,36864,3637389
0,36864,3631527
0,36864,3656310
0,36864,3634851
0,36864,3634506
0,36864,3637017
0,36864,3656892
0,36864,3636165
0,36864,3635745
0,36864,3639063
0,36864,3652026
0,36864,3634092
0,36864,3638220
0,36864,3652722
0,36864,3635175
0,36864,3637041
0,36864,3632421
0,36864,3657609
0,36864,3634818
0,36864,3637161
0,36864,3634596
0,36864,3651180
0,36864,3638265
0,36864,3635331
0,36864,3651729
0,36864,3634527
0,36864,3633402
0,36864,3641562
0,36864,3662328
0,36864,3632424
0,36864,3633573
0,36864,3654612
0,36864,3637572
0,36864,3634584
0,36864,3632634
0,36864,3648684
0,36864,3634272
0,36864,3635610
0,36864,3635934
0,36864,3663330
0,36864,3637194
0,36864,3632400
0,36864,3658047
0,36864,3631680
0,36864,3637752
0,36864,3627930
0,36864,3647100
0,36864,3637839
0,36864,3637176
0,36864,3657894
0,36864,3644163
0,36864,3635955
0,36864,3637218
0,36864,3655965
0,36864,3633297
0,36864,3634350
0,36864,3632982
0,36864,3652065
0,36864,3634446
0,36864,4754890
0,36864,4979728
0,36864,4971740
0,36864,5013472
0,36864,4976348
0,36864,5037760
0,36864,3659648
0,36864,3632646
0,36864,3633360
0,36864,3766311
0,36864,3632379
0,36864,3627018
0,36864,3632778
0,36864,3762603
0,36864,3632571
0,36864,3627609
0,36864,3743958
0,36864,3631062
0,36864,3630276
0,36864,3632373
0,36864,3711195
0,36864,3631224
0,36864,3634110
0,36864,3653772
0,36864,3635358
0,36864,3629448
0,36864,3628524
0,36864,3662223
0,36864,3631041
0,36864,3631833
0,36864,3632589
0,36864,3754791
0,36864,3628641
0,36864,3633105
0,36864,3649662
0,36864,3630669
0,36864,3627906
0,36864,3633939
0,36864,3658059
0,36864,3633804
0,36864,3633648
0,36864,3650193
0,36864,3630399
0,36864,3629463
0,36864,3630990
0,36864,3649719
0,36864,3630933
0,36864,3631197
0,36864,3629952
0,36864,3657930
0,36864,3633255
0,36864,3631212
0,36864,3649491
0,36864,3629187
0,36864,3628434
0,36864,3633387
0,36864,3647667
0,36864,3631077
0,36864,3631515
0,36864,3630612
0,36864,3650925
0,36864,3631755
0,36864,3631908
0,36864,3646161
0,36864,3631302
0,36864,3629274
0,36864,3633852
0,36864,3652131
0,36864,3635568
0,36864,3631704
0,36864,3657441
0,36864,3632334
0,36864,3633300
0,36864,3628209
0,36864,3650106
0,36864,3632376
0,36864,3632556
0,36864,3632463
0,36864,3643446
0,36864,3630207
0,36864,3630609
0,36864,3656094
0,36864,3630108
0,36864,3629535
0,36864,3630459
0,36864,3647406
0,36864,3630657
0,36864,3630195
0,36864,3629952
0,36864,3641862
0,36864,3635610
0,36864,3629304
0,36864,3662406
0,36864,3632262
0,36864,3632994
0,36864,3630351
0,36864,3651039
0,36864,3633678
0,36864,3633882
0,36864,3735525
0,65536,9764263
0,65536,8829536
0,65536,8874876
0,65536,8699355
0,65536,8215972
0,65536,8255236
0,65536,8246188
0,65536,8218316
0,65536,7289218
0,65536,6439335
0,65536,6454452
0,65536,6435132
0,65536,6449130
0,65536,6441522
0,65536,6466578
0,65536,6443571
0,65536,6562641
0,65536,6435330
0,65536,6456012
0,65536,6442014
0,65536,6467979
0,65536,6438819
0,65536,6461457
0,65536,6438042
0,65536,6454245
0,65536,6436344
0,65536,6464154
0,65536,6438006
0,65536,6528321
0,65536,6436110
0,65536,6455865
0,65536,6444684
0,65536,6469737
0,65536,6440808
0,65536,6460263
0,65536,6437421
0,65536,6452001
0,65536,6444246
0,65536,6441213
0,65536,6463830
0,65536,6441489
0,65536,6461361
0,65536,6435123
0,65536,6450147
0,65536,6439287
0,65536,6465507
0,65536,6438909
0,65536,6453480
0,65536,6436242
0,65536,6457101
0,65536,6438006
0,65536,6467604
0,65536,6442158
0,65536,6461388
0,65536,6437841
0,65536,6466251
0,65536,6436248
0,65536,6471162
0,65536,6435240
0,65536,6458358
0,65536,6441576
0,65536,6453441
0,65536,6441423
0,65536,6472125
0,65536,6438399
0,65536,6460131
0,65536,6440898
0,65536,6452553
0,65536,6442380
0,65536,6469185
0,65536,6438054
0,65536,6457344
0,65536,6438267
0,65536,6454665
0,65536,6434262
0,65536,6464193
0,65536,6442446
0,65536,6456531
0,65536,6439842
0,65536,6455787
0,65536,6440841
0,65536,6460458
0,65536,6440250
0,65536,6460650
0,65536,6440205
0,65536,6454332
0,65536,6438933
0,65536,6435030
0,65536,6467169
0,65536,6439332
0,65536,6453261
0,65536,6442590
0,65536,6447783
0,65536,6435813
0,65536,6465564
0,65536,6442191
0,65536,6513528
0,65536,6437520
0,65536,6514032
0,65536,6438429
0,65536,9733446
0,65536,8813468
0,65536,8559282
0,65536,8237700
0,65536,8204488
0,65536,8240780
0,65536,8204440
0,65536,6892744
0,65536,6430776
0,65536,6451320
0,65536,6429861
0,65536,6508827
0,65536,6431496
0,65536,6516612
0,65536,6429303
0,65536,6448983
0,65536,6427674
0,65536,6549279
0,65536,6428478
0,65536,6458496
0,65536,6428544
0,65536,6447999
0,65536,6432375
0,65536,6443658
0,65536,6432159
0,65536,6452829
0,65536,6430452
0,65536,6442932
0,65536,6429534
0,65536,6441435
0,65536,6432975
0,65536,6458679
0,65536,6434826
0,65536,6447900
0,65536,6430893
0,65536,6446598
0,65536,6429279
0,65536,6455217
0,65536,6432555
0,65536,6446712
0,65536,6431442
0,65536,6461706
0,65536,6429582
0,65536,6463863
0,65536,6433803
0,65536,6445524
0,65536,6431451
0,65536,6433266
0,65536,6446217
0,65536,6429987
0,65536,6506541
0,65536,6426702
0,65536,6445200
0,65536,6428466
0,65536,6447219
0,65536,6432486
0,65536,6456549
0,65536,6430953
0,65536,6443814
0,65536,6428940
0,65536,6448086
0,65536,6429849
0,65536,6558780
0,65536,6431244
0,65536,6450567
0,65536,6432912
0,65536,6442395
0,65536,6431406
0,65536,6460602
0,65536,6428568
0,65536,6452511
0,65536,6432129
0,65536,6442824
0,65536,6431322
0,65536,6457920
0,65536,6426330
0,65536,6445518
0,65536,6432063
0,65536,6444528
0,65536,6429072
0,65536,6454596
0,65536,6430530
0,65536,6452877
0,65536,6425430
0,65536,6448206
0,65536,6431478
0,65536,6456117
0,65536,6432228
0,65536,6445455
0,65536,6424890
0,65536,6445293
0,65536,6424866
0,65536,6479226
0,65536,6457347
0,65536,6432615
0,65536,6502788
0,65536,6433233
0,65536,6444216
0,65536,6433263
0,65536,6501270
0,102400,11292160
0,102400,17153493
0,102400,17817168
0,102400,12691623
0,102400,10113126
0,102400,10108395
0,102400,10082598
0,102400,10124925
0,102400,10104933
0,102400,10100772
0,102400,10091463
0,102400,10225347
0,102400,10109625
0,102400,10105803
0,102400,10090134
0,102400,10113393
0,102400,10094706
0,102400,10103562
0,102400,10116072
0,102400,10088880
0,102400,10103721
0,102400,10107759
0,102400,10126497
0,102400,10086705
0,102400,10112268
0,102400,10106505
0,102400,10107957
0,102400,10088232
0,102400,10106208
0,102400,10106448
0,102400,10118859
0,102400,10156083
0,102400,10172559
0,102400,10103340
0,102400,10116870
0,102400,10103091
0,102400,10088226
0,102400,10102989
0,102400,10117725
0,102400,10109454
0,102400,10090137
0,102400,10104093
0,102400,10112832
0,102400,10119207
0,102400,10111554
0,102400,10090065
0,102400,10119336
0,102400,10100889
0,102400,10096095
0,102400,10087422
0,102400,10112103
0,102400,10103160
0,102400,10105164
0,102400,10086867
0,102400,10115946
0,102400,10115154
0,102400,10103769
0,102400,10113000
0,102400,10092537
0,102400,10107900
0,102400,10101996
0,102400,10115283
0,102400,10091988
0,102400,10169910
0,102400,10101225
0,102400,10171593
0,102400,10084713
0,102400,10106382
0,102400,10106814
0,102400,10121166
0,102400,10096365
0,102400,10107192
0,102400,10103799
0,102400,10113873
0,102400,10106685
0,102400,10083966
0,102400,10105707
0,102400,10114758
0,102400,10113408
0,102400,10087467
0,102400,10108980
0,102400,10114794
0,102400,10104741
0,102400,10083411
0,102400,10099227
0,102400,10108335
0,102400,10104102
0,102400,10110837
0,102400,10095462
0,102400,10114242
0,102400,10107381
0,102400,10107045
0,102400,10088460
0,102400,10116306
0,102400,10102734
0,102400,10108329
0,102400,10086945
0,102400,10121529
0,102400,10109730
0,102400,10106766
0,102400,14408965
0,102400,12953828
0,102400,15026407
0,102400,15020479
0,102400,13458252
0,102400,10144281
0,102400,10125015
0,102400,10140882
0,102400,10150164
0,102400,10257585
0,102400,10116957
0,102400,10140894
0,102400,10151106
0,102400,10140075
0,102400,10117557
0,102400,10147614
0,102400,10151664
0,102400,10141728
0,102400,10137639
0,102400,10125030
0,102400,10155324
0,102400,10148817
0,102400,10147497
0,102400,10126941
0,102400,10152774
0,102400,10145979
0,102400,10136463
0,102400,10124865
0,102400,10156476
0,102400,10149792
0,102400,10133184
0,102400,10146228
0,102400,10126941
0,102400,10146861
0,102400,10140336
0,102400,10153431
0,102400,10132104
0,102400,10145790
0,102400,10140816
0,102400,10153986
0,102400,10137369
0,102400,10118070
0,102400,10142544
0,102400,10152936
0,102400,10141536
0,102400,10123074
0,102400,10144350
0,102400,10160544
0,102400,10142409
0,102400,10121304
0,102400,10188912
0,102400,10146906
0,102400,10148583
0,102400,10143174
0,102400,10121004
0,102400,10157757
0,102400,10142721
0,102400,10143876
0,102400,10127184
0,102400,10153395
0,102400,10145175
0,102400,10187958
0,102400,10117452
0,102400,10149729
0,102400,10149252
0,102400,10226091
0,102400,10157376
0,102400,10124280
0,102400,10136790
0,102400,10137168
0,102400,10149330
0,102400,10123743
0,102400,10138023
0,102400,10140435
0,102400,10149621
0,102400,10125537
0,102400,10141248
0,102400,10137738
0,102400,10149411
0,102400,10202595
0,102400,10126812
0,102400,10203405
0,102400,10155555
0,102400,10191189
0,102400,10128393
0,102400,10137297
0,102400,10154535
0,102400,10143306
0,102400,10116921
0,102400,10147839
0,102400,10144908
0,102400,10146978
0,102400,10142340
0,102400,10127493
0,102400,10145757
0,102400,10143624
0,102400,10136655
0,102400,10123587
0,102400,10151670
0,102400,10138113
0,147456,28400897
0,147456,19686146
0,147456,17445120
0,147456,16092147
0,147456,14607756
0,147456,14606745
0,147456,14628849
0,147456,14732652
0,147456,14622321
0,147456,14609103
0,147456,14603823
0,147456,14624424
0,147456,14615004
0,147456,14606685
0,147456,14627634
0,147456,14610129
0,147456,14609421
0,147456,14649720
0,147456,14610162
0,147456,14616264
0,147456,14620134
0,147456,14609895
0,147456,14619747
0,147456,14618355
0,147456,14607213
0,147456,14627976
0,147456,14641086
0,147456,14620392
0,147456,14615712
0,147456,14615157
0,147456,14624526
0,147456,14607693
0,147456,14609823
0,147456,14626002
0,147456,14611881
0,147456,14637408
0,147456,14613195
0,147456,14615910
0,147456,14626356
0,147456,14609931
0,147456,14601936
0,147456,14626431
0,147456,14616444
0,147456,14655990
0,147456,14650962
0,147456,14662254
0,147456,14623851
0,147456,14613606
0,147456,14604414
0,147456,14623155
0,147456,14616516
0,147456,14605938
0,147456,14631705
0,147456,14627502
0,147456,14628801
0,147456,14616411
0,147456,14611752
0,147456,14615145
0,147456,14612685
0,147456,14619114
0,147456,14621766
0,147456,14611626
0,147456,14918445
0,147456,14892606
0,147456,14747238
0,147456,14985108
0,147456,14990226
0,147456,14610975
0,147456,14969697
0,147456,15032391
0,147456,15031044
0,147456,15018336
0,147456,15014559
0,147456,15022065
0,147456,14846907
0,147456,14664576
0,147456,14681820
0,147456,14636295
0,147456,14618982
0,147456,14609412
0,147456,14606289
0,147456,14624412
0,147456,14614593
0,147456,14606109
0,147456,14625066
0,147456,14617593
0,147456,14638014
0,147456,14611203
0,147456,14614497
0,147456,14630628
0,147456,14619426
0,147456,14608812
0,147456,14733204
0,147456,14602296
0,147456,14712735
0,147456,14705805
0,147456,14660793
0,147456,14620794
0,147456,14614230
0,147456,14612961
0,147456,18281987
0,147456,26225843
0,147456,22694646
0,147456,14567877
0,147456,14573061
0,147456,14584272
0,147456,14567604
0,147456,14699385
0,147456,14578128
0,147456,14571504
0,147456,14581260
0,147456,14570997
0,147456,14573013
0,147456,14581956
0,147456,14575140
0,147456,14571813
0,147456,14593854
0,147456,14625447
0,147456,14581566
0,147456,14570196
0,147456,14570898
0,147456,14583726
0,147456,14572428
0,147456,14564571
0,147456,14569827
0,147456,14570535
0,147456,14595639
0,147456,14565249
0,147456,14562417
0,147456,14577864
0,147456,14572938
0,147456,14557905
0,147456,14575104
0,147456,14566848
0,147456,14557650
0,147456,14600994
0,147456,14558460
0,147456,14575968
0,147456,14563173
0,147456,14569335
0,147456,14577852
0,147456,14566329
0,147456,14563401
0,147456,14629710
0,147456,14577165
0,147456,14650077
0,147456,14566866
0,147456,14565534
0,147456,14577723
0,147456,14567994
0,147456,14563536
0,147456,14576187
0,147456,14569128
0,147456,14560404
0,147456,14591928
0,147456,14560533
0,147456,14575440
0,147456,14566410
0,147456,14568060
0,147456,14573526
0,147456,14575509
0,147456,14560587
0,147456,14576367
0,147456,14586453
0,147456,14586501
0,147456,14558091
0,147456,14571201
0,147456,14582940
0,147456,14563653
0,147456,14564094
0,147456,14576790
0,147456,14572341
0,147456,14571894
0,147456,14597493
0,147456,14564103
0,147456,14570010
0,147456,14568000
0,147456,14565810
0,147456,14583684
0,147456,14573073
0,147456,14568672
0,147456,14577906
0,147456,14588187
0,147456,14686056
0,147456,14572761
0,147456,14557695
0,147456,14576205
0,147456,14558361
0,147456,14561844
0,147456,14581866
0,147456,14569695
0,147456,14580495
0,147456,14566605
0,147456,14563467
0,147456,14573514
0,147456,14560410
0,147456,14563938
0,147456,14585976
0,147456,14573064
0,147456,14578560
0,200704,41164439
0,200704,26237066
0,200704,19935606
0,200704,19912161
0,200704,19884843
0,200704,20012904
0,200704,19881519
0,200704,19907649
0,200704,19893093
0,200704,20097183
0,200704,19903452
0,200704,19919460
0,200704,19876239
0,200704,19994103
0,200704,19871805
0,200704,19913871
0,200704,19948248
0,200704,19911501
0,200704,19889328
0,200704,19919442
0,200704,19881831
0,200704,19914390
0,200704,19891695
0,200704,19922505
0,200704,19880196
0,200704,19907724
0,200704,19909800
0,200704,19882197
0,200704,19903641
0,200704,19877853
0,200704,19969767
0,200704,19875093
0,200704,19962210
0,200704,19884582
0,200704,19921269
0,200704,19886949
0,200704,19917888
0,200704,19880556
0,200704,19915635
0,200704,19889598
0,200704,19915794
0,200704,19881459
0,200704,19907202
0,200704,19886124
0,200704,19909665
0,200704,19876608
0,200704,19912680
0,200704,19881156
0,200704,19917312
0,200704,19874163
0,200704,19916466
0,200704,19897605
0,200704,19919721
0,200704,19884228
0,200704,19921590
0,200704,19886502
0,200704,19917735
0,200704,19885635
0,200704,20008950
0,200704,19885872
0,200704,19916700
0,200704,19878057
0,200704,19909395
0,200704,19890663
0,200704,19921902
0,200704,19884738
0,200704,19918794
0,200704,19880682
0,200704,20011377
0,200704,19897704
0,200704,19892544
0,200704,19901610
0,200704,19891185
0,200704,19897437
0,200704,19888380
0,200704,19899729
0,200704,19904685
0,200704,19897563
0,200704,19886109
0,200704,19908561
0,200704,19898844
0,200704,19909584
0,200704,19895121
0,200704,19899489
0,200704,19882326
0,200704,19912071
0,200704,19892037
0,200704,19894077
0,200704,19891926
0,200704,19896438
0,200704,19890132
0,200704,19898655
0,200704,19895436
0,200704,19907832
0,200704,19891398
0,200704,19908621
0,200704,19895430
0,200704,19902798
0,200704,19897335
0,200704,19907256
0,200704,25236520
0,200704,32285276
0,200704,26015436
0,200704,20141658
0,200704,19964328
0,200704,19933755
0,200704,19893744
0,200704,19903515
0,200704,19894509
0,200704,19880886
0,200704,19886505
0,200704,19881441
0,200704,19898244
0,200704,19885521
0,200704,19908366
0,200704,19881360
0,200704,19897077
0,200704,19899660
0,200704,19894176
0,200704,19888077
0,200704,19894533
0,200704,19896792
0,200704,19902669
0,200704,19880466
0,200704,19891044
0,200704,19900524
0,200704,19890774
0,200704,19888302
0,200704,19894155
0,200704,19890450
0,200704,19893624
0,200704,19950867
0,200704,19893783
0,200704,19932876
0,200704,19896042
0,200704,19891473
0,200704,19884630
0,200704,19895688
0,200704,19892685
0,200704,19951923
0,200704,19897710
0,200704,19898193
0,200704,19893483
0,200704,19885533
0,200704,19892406
0,200704,19901196
0,200704,19893873
0,200704,19883238
0,200704,19952442
0,200704,19909848
0,200704,19876914
0,200704,19909899
0,200704,19887891
0,200704,19912998
0,200704,19877343
0,200704,19905054
0,200704,19937763
0,200704,19918251
0,200704,19875861
0,200704,19906383
0,200704,19873161
0,200704,19906740
0,200704,19878171
0,200704,19909962
0,200704,19875744
0,200704,19963671
0,200704,19870767
0,200704,19902360
0,200704,19877337
0,200704,19905333
0,200704,19877523
0,200704,19907925
0,200704,19881741
0,200704,19909428
0,200704,19883682
0,200704,19917531
0,200704,19947714
0,200704,19920186
0,200704,19881540
0,200704,19908642
0,200704,19870989
0,200704,19905132
0,200704,19869390
0,200704,19901487
0,200704,19873953
0,200704,19912848
0,200704,19880745
0,200704,19912971
0,200704,19875159
0,200704,19910310
0,200704,19875399
0,200704,19902180
0,200704,19878357
0,200704,19910628
0,200704,19902741
0,200704,19887468
0,200704,19902609
0,200704,19880013
0,200704,19903809
0,200704,19877304
0,262144,40858298
0,262144,26102217
0,262144,26056065
0,262144,25959570
0,262144,26046192
0,262144,25922823
0,262144,25934643
0,262144,25946172
0,262144,25947636
0,262144,25892196
0,262144,25927095
0,262144,25955259
0,262144,25938792
0,262144,25921938
0,262144,25949769
0,262144,25934463
0,262144,25921893
0,262144,25958427
0,262144,25947720
0,262144,25919217
0,262144,25940115
0,262144,26037687
0,262144,25961652
0,262144,25936446
0,262144,25977090
0,262144,25961604
0,262144,25925451
0,262144,25953252
0,262144,25921104
0,262144,25942134
0,262144,25938723
0,262144,25932447
0,262144,25940796
0,262144,25942365
0,262144,25925250
0,262144,25947063
0,262144,25951488
0,262144,25920078
0,262144,25947843
0,262144,25951272
0,262144,25911726
0,262144,25948212
0,262144,25896654
0,262144,25947216
0,262144,25944129
0,262144,25919895
0,262144,25954476
0,262144,25994256
0,262144,26015577
0,262144,25931163
0,262144,26008968
0,262144,25934679
0,262144,25950684
0,262144,25934058
0,262144,25920150
0,262144,25938573
0,262144,25947444
0,262144,25930026
0,262144,25956216
0,262144,25949844
0,262144,25919661
0,262144,25942782
0,262144,25948920
0,262144,25912155
0,262144,25937196
0,262144,25994721
0,262144,25915176
0,262144,25950060
0,262144,25947174
0,262144,25930152
0,262144,25946682
0,262144,25933662
0,262144,25912662
0,262144,25939656
0,262144,25996293
0,262144,25927905
0,262144,25910019
0,262144,25976409
0,262144,25931211
0,262144,25941855
0,262144,25911894
0,262144,25945089
0,262144,25935141
0,262144,25921383
0,262144,25941639
0,262144,26052123
0,262144,25912563
0,262144,25963413
0,262144,25940748
0,262144,25922862
0,262144,25937772
0,262144,25943970
0,262144,25914381
0,262144,25957848
0,262144,25944912
0,262144,25910793
0,262144,25949673
0,262144,25949223
0,262144,25969662
0,262144,25956378
0,262144,47426733
0,262144,26445276
0,262144,26112432
0,262144,26065746
0,262144,26012778
0,262144,26013333
0,262144,26000388
0,262144,26087082
0,262144,26053500
0,262144,25980276
0,262144,25981542
0,262144,25951326
0,262144,25949718
0,262144,25964280
0,262144,25980909
0,262144,25972836
0,262144,25957995
0,262144,25975380
0,262144,25975995
0,262144,25957518
0,262144,25974942
0,262144,25979580
0,262144,25973415
0,262144,25978755
0,262144,26042940
0,262144,26000985
0,262144,25967574
0,262144,25973322
0,262144,25956078
0,262144,25979097
0,262144,25986486
0,262144,25956066
0,262144,25972269
0,262144,25974870
0,262144,25964928
0,262144,25989906
0,262144,25967808
0,262144,25967709
0,262144,26082015
0,262144,25976829
0,262144,26012730
0,262144,25969794
0,262144,25992504
0,262144,25969611
0,262144,25982289
0,262144,25982658
0,262144,26016051
0,262144,26033838
0,262144,25973724
0,262144,25942530
0,262144,25976712
0,262144,25954275
0,262144,25977645
0,262144,25968153
0,262144,25964115
0,262144,25972068
0,262144,25963344
0,262144,25954110
0,262144,25993485
0,262144,25966452
0,262144,25959078
0,262144,25992117
0,262144,26036619
0,262144,25949553
0,262144,25967934
0,262144,25977510
0,262144,25976166
0,262144,25987725
0,262144,25984872
0,262144,25950084
0,262144,25979886
0,262144,25966341
0,262144,25952727
0,262144,25976436
0,262144,25965336
0,262144,25949505
0,262144,26023413
0,262144,25988817
0,262144,25971525
0,262144,25976427
0,262144,25967967
0,262144,25959702
0,262144,25977237
0,262144,25982358
0,262144,25959828
0,262144,25947177
0,262144,25958859
0,262144,25976691
0,262144,25971642
0,262144,25963917
0,262144,25977216
0,262144,25966635
0,262144,26019924
0,262144,25975746
0,262144,25966329
0,262144,25940499
0,262144,25967979
0,262144,25979904
0,262144,26163579
0,262144,25996017
1,4096,203272
1,4096,49575
1,4096,49812
1,4096,49701
1,4096,49740
1,4096,49719
1,4096,49671
1,4096,49851
1,4096,49707
1,4096,49803
1,4096,49809
1,4096,49674
1,4096,49710
1,4096,49809
1,4096,49644
1,4096,49602
1,4096,49629
1,4096,49740
1,4096,49794
1,4096,49704
1,4096,49701
1,4096,49683
1,4096,49749
1,4096,49830
1,4096,49707
1,4096,49803
1,4096,49653
1,4096,49794
1,4096,49713
1,4096,49617
1,4096,49752
1,4096,49794
1,4096,49701
1,4096,49809
1,4096,49755
1,4096,49707
1,4096,49728
1,4096,49674
1,4096,49653
1,4096,49770
1,4096,49929
1,4096,49743
1,4096,49812
1,4096,49794
1,4096,49701
1,4096,49683
1,4096,49755
1,4096,49845
1,4096,49707
1,4096,49803
1,4096,49650
1,4096,49725
1,4096,49713
1,4096,49713
1,4096,49746
1,4096,49653
1,4096,49860
1,4096,49764
1,4096,49713
1,4096,49797
1,4096,49716
1,4096,49803
1,4096,49647
1,4096,49755
1,4096,49821
1,4096,49644
1,4096,49812
1,4096,49794
1,4096,49671
1,4096,49683
1,4096,49749
1,4096,49845
1,4096,49713
1,4096,49674
1,4096,49650
1,4096,49794
1,4096,49707
1,4096,49617
1,4096,49749
1,4096,49794
1,4096,49701
1,4096,49680
1,4096,49752
1,4096,49836
1,4096,49713
1,4096,49803
1,4096,49647
1,4096,49752
1,4096,49734
1,4096,49749
1,4096,49818
1,4096,49794
1,4096,49701
1,4096,49677
1,4096,49755
1,4096,49839
1,4096,49707
1,4096,49680
1,4096,49644
1,4096,49806
1,4096,201647
1,4096,49683
1,4096,49836
1,4096,49725
1,4096,49725
1,4096,49716
1,4096,49647
1,4096,49665
1,4096,49725
1,4096,49623
1,4096,49689
1,4096,49731
1,4096,49671
1,4096,49731
1,4096,49791
1,4096,49857
1,4096,49815
1,4096,49746
1,4096,49746
1,4096,49761
1,4096,49764
1,4096,49719
1,4096,49788
1,4096,49797
1,4096,49602
1,4096,49635
1,4096,49818
1,4096,49761
1,4096,49830
1,4096,49728
1,4096,49740
1,4096,49740
1,4096,49719
1,4096,49743
1,4096,49770
1,4096,49746
1,4096,49671
1,4096,49662
1,4096,49788
1,4096,49758
1,4096,49815
1,4096,49734
1,4096,49737
1,4096,49797
1,4096,49833
1,4096,49740
1,4096,49782
1,4096,49953
1,4096,49602
1,4096,101259
1,4096,88200
1,4096,85368
1,4096,85224
1,4096,85068
1,4096,85488
1,4096,85290
1,4096,85284
1,4096,85356
1,4096,85284
1,4096,85188
1,4096,85128
1,4096,85254
1,4096,85278
1,4096,85254
1,4096,85164
1,4096,85344
1,4096,85176
1,4096,85488
1,4096,85170
1,4096,85248
1,4096,85248
1,4096,85104
1,4096,85122
1,4096,85338
1,4096,85284
1,4096,85338
1,4096,85326
1,4096,85236
1,4096,85278
1,4096,85026
1,4096,85122
1,4096,85350
1,4096,85284
1,4096,85104
1,4096,85128
1,4096,85218
1,4096,85380
1,4096,85200
1,4096,85164
1,4096,85362
1,4096,85176
1,4096,85032
1,4096,85128
1,4096,85368
1,4096,85182
1,4096,85206
1,4096,85116
1,4096,85332
1,4096,85110
1,4096,85332
1,16384,599976
1,16384,344052
1,16384,345168
1,16384,345462
1,16384,345444
1,16384,344790
1,16384,345264
1,16384,345498
1,16384,345384
1,16384,345228
1,16384,345396
1,16384,345654
1,16384,345450
1,16384,345378
1,16384,345162
1,16384,345636
1,16384,345636
1,16384,345300
1,16384,417168
1,16384,344934
1,16384,345312
1,16384,345408
1,16384,345360
1,16384,345390
1,16384,345306
1,16384,344916
1,16384,345372
1,16384,344970
1,16384,345246
1,16384,345480
1,16384,345108
1,16384,345582
1,16384,345462
1,16384,345054
1,16384,345432
1,16384,345078
1,16384,345036
1,16384,345390
1,16384,345072
1,16384,345654
1,16384,345186
1,16384,344928
1,16384,345330
1,16384,345216
1,16384,345198
1,16384,345396
1,16384,345222
1,16384,345462
1,16384,345222
1,16384,345096
1,16384,345462
1,16384,345234
1,16384,345018
1,16384,345162
1,16384,345780
1,16384,370842
1,16384,350244
1,16384,345390
1,16384,345318
1,16384,345018
1,16384,345540
1,16384,345054
1,16384,345186
1,16384,345150
1,16384,345174
1,16384,345768
1,16384,345150
1,16384,345432
1,16384,345348
1,16384,344976
1,16384,345180
1,16384,345540
1,16384,345312
1,16384,345378
1,16384,345252
1,16384,345564
1,16384,345576
1,16384,345354
1,16384,345150
1,16384,345258
1,16384,345354
1,16384,345834
1,16384,344934
1,16384,345246
1,16384,345426
1,16384,345228
1,16384,344910
1,16384,345456
1,16384,345270
1,16384,345690
1,16384,345264
1,16384,345678
1,16384,345126
1,16384,368514
1,16384,345342
1,16384,345498
1,16384,345066
1,16384,345234
1,16384,345696
1,16384,345120
1,16384,600960
1,16384,344550
1,16384,345510
1,16384,344910
1,16384,345354
1,16384,344952
1,16384,345450
1,16384,344952
1,16384,345156
1,16384,344802
1,16384,344796
1,16384,345156
1,16384,345282
1,16384,345372
1,16384,345150
1,16384,345048
1,16384,345048
1,16384,344880
1,16384,344832
1,16384,345162
1,16384,344742
1,16384,345234
1,16384,345096
1,16384,345222
1,16384,345396
1,16384,344694
1,16384,431658
1,16384,268604
1,16384,268520
1,16384,268664
1,16384,268436
1,16384,268464
1,16384,268424
1,16384,268624
1,16384,268632
1,16384,268044
1,16384,268492
1,16384,268632
1,16384,268304
1,16384,268312
1,16384,268424
1,16384,268568
1,16384,268244
1,16384,268124
1,16384,268376
1,16384,268600
1,16384,268320
1,16384,268492
1,16384,268120
1,16384,268388
1,16384,268336
1,16384,268600
1,16384,268584
1,16384,268424
1,16384,268388
1,16384,268348
1,16384,268360
1,16384,268496
1,16384,268316
1,16384,268200
1,16384,268360
1,16384,268760
1,16384,268280
1,16384,268260
1,16384,268200
1,16384,268384
1,16384,268316
1,16384,268152
1,16384,268228
1,16384,268596
1,16384,268256
1,16384,268212
1,16384,268460
1,16384,268372
1,16384,288996
1,16384,272128
1,16384,268692
1,16384,268492
1,16384,268216
1,16384,268372
1,16384,268896
1,16384,268324
1,16384,268244
1,16384,268092
1,16384,268648
1,16384,268528
1,16384,268080
1,16384,268424
1,16384,268740
1,16384,268232
1,16384,268472
1,16384,268236
1,16384,268760
1,16384,268556
1,16384,268220
1,16384,268448
1,16384,268668
1,16384,268276
1,16384,268636
1,16384,268092
1,36864,1098570
1,36864,603388
1,36864,603916
1,36864,712619
1,36864,652653
1,36864,652339
1,36864,652516
1,36864,652740
1,36864,652384
1,36864,652974
1,36864,652613
1,36864,652182
1,36864,652349
1,36864,652319
1,36864,652476
1,36864,651923
1,36864,652421
1,36864,652411
1,36864,652359
1,36864,652242
1,36864,652023
1,36864,651739
1,36864,652162
1,36864,678826
1,36864,652533
1,36864,651933
1,36864,652364
1,36864,652593
1,36864,652284
1,36864,652516
1,36864,652314
1,36864,651943
1,36864,652080
1,36864,652536
1,36864,652974
1,36864,652556
1,36864,651866
1,36864,652501
1,36864,652344
1,36864,652162
1,36864,651771
1,36864,652237
1,36864,652187
1,36864,691157
1,36864,484484
1,36864,440943
1,36864,440628
1,36864,440829
1,36864,440880
1,36864,440694
1,36864,440769
1,36864,440688
1,36864,440643
1,36864,440586
1,36864,440883
1,36864,440853
1,36864,440907
1,36864,440583
1,36864,440733
1,36864,440484
1,36864,440598
1,36864,440517
1,36864,440877
1,36864,440748
1,36864,440964
1,36864,440484
1,36864,440733
1,36864,440733
1,36864,440754
1,36864,440820
1,36864,440724
1,36864,440883
1,36864,441096
1,36864,557445
1,36864,440634
1,36864,440955
1,36864,440961
1,36864,440574
1,36864,440841
1,36864,440814
1,36864,440604
1,36864,440760
1,36864,440277
1,36864,440838
1,36864,440901
1,36864,440802
1,36864,440700
1,36864,440577
1,36864,440739
1,36864,440475
1,36864,440973
1,36864,440967
1,36864,440550
1,36864,441159
1,36864,440688
1,36864,440508
1,36864,440526
1,36864,440841
1,36864,440712
1,36864,440955
1,36864,943354
1,36864,451308
1,36864,453216
1,36864,453123
1,36864,453450
1,36864,453435
1,36864,452754
1,36864,453216
1,36864,453564
1,36864,453270
1,36864,453063
1,36864,453285
1,36864,453402
1,36864,453693
1,36864,468261
1,36864,440778
1,36864,440916
1,36864,440997
1,36864,441231
1,36864,440847
1,36864,440727
1,36864,441132
1,36864,627530
1,36864,604360
1,36864,604484
1,36864,604652
1,36864,604368
1,36864,604424
1,36864,604268
1,36864,604440
1,36864,604324
1,36864,604612
1,36864,604552
1,36864,604224
1,36864,604380
1,36864,604172
1,36864,604112
1,36864,604108
1,36864,603756
1,36864,604420
1,36864,603844
1,36864,604260
1,36864,604160
1,36864,604112
1,36864,631596
1,36864,603956
1,36864,604280
1,36864,604312
1,36864,604268
1,36864,603956
1,36864,604808
1,36864,604380
1,36864,604240
1,36864,604252
1,36864,604172
1,36864,604576
1,36864,604524
1,36864,604288
1,36864,604572
1,36864,603948
1,36864,604596
1,36864,604816
1,36864,604068
1,36864,604560
1,36864,604304
1,36864,637944
1,36864,484811
1,36864,440523
1,36864,440391
1,36864,440568
1,36864,440019
1,36864,440643
1,36864,440616
1,36864,441006
1,36864,441093
1,36864,440748
1,36864,441144
1,36864,440769
1,36864,441249
1,36864,440775
1,36864,440910
1,36864,441141
1,36864,440763
1,36864,440967
1,36864,441225
1,36864,440850
1,36864,441402
1,36864,440877
1,36864,441198
1,36864,441057
1,36864,441087
1,36864,441222
1,36864,441192
1,36864,440949
1,36864,440832
1,36864,562101
1,36864,441024
1,36864,440994
1,36864,441138
1,36864,440973
1,65536,1579067
1,65536,804414
1,65536,819156
1,65536,784701
1,65536,785379
1,65536,784779
1,65536,785358
1,65536,1284943
1,65536,1262595
1,65536,1262179
1,65536,1262239
1,65536,1261736
1,65536,1262109
1,65536,1262067
1,65536,1262371
1,65536,1262256
1,65536,1262047
1,65536,1283391
1,65536,1263175
1,65536,1263006
1,65536,1262876
1,65536,1263397
1,65536,1263118
1,65536,1262605
1,65536,1262291
1,65536,1262986
1,65536,1262742
1,65536,1278552
1,65536,1263215
1,65536,1262794
1,65536,1262458
1,65536,1263387
1,65536,1262169
1,65536,1263210
1,65536,1263439
1,65536,1262650
1,65536,1262657
1,65536,1262702
1,65536,1100536
1,65536,784908
1,65536,784644
1,65536,784533
1,65536,784908
1,65536,784713
1,65536,785109
1,65536,785076
1,65536,784992
1,65536,784872
1,65536,784557
1,65536,785409
1,65536,785097
1,65536,784563
1,65536,784608
1,65536,784881
1,65536,885402
1,65536,837519
1,65536,785148
1,65536,784866
1,65536,785148
1,65536,785232
1,65536,784806
1,65536,784614
1,65536,784941
1,65536,785169
1,65536,785001
1,65536,785082
1,65536,784926
1,65536,784899
1,65536,784989
1,65536,784896
1,65536,784983
1,65536,853593
1,65536,785664
1,65536,785037
1,65536,784662
1,65536,785124
1,65536,785049
1,65536,784473
1,65536,784668
1,65536,785370
1,65536,785088
1,65536,784494
1,65536,784872
1,65536,784803
1,65536,784836
1,65536,784977
1,65536,784875
1,65536,785208
1,65536,913044
1,65536,785154
1,65536,785019
1,65536,784536
1,65536,784944
1,65536,785568
1,65536,785382
1,65536,785094
1,65536,784902
1,65536,785142
1,65536,785577
1,65536,785124
1,65536,1649472
1,65536,782592
1,65536,782184
1,65536,785352
1,65536,785049
1,65536,784920
1,65536,785172
1,65536,785388
1,65536,785127
1,65536,785175
1,65536,785058
1,65536,785394
1,65536,784461
1,65536,1334875
1,65536,1262433
1,65536,1261975
1,65536,1262508
1,65536,1262236
1,65536,1262829
1,65536,1261808
1,65536,1263108
1,65536,1262037
1,65536,1262515
1,65536,1311395
1,65536,1257432
1,65536,1263467
1,65536,1263113
1,65536,1263514
1,65536,1262610
1,65536,1263442
1,65536,1262513
1,65536,1262503
1,65536,1262894
1,65536,1319816
1,65536,865120
1,65536,785283
1,65536,784839
1,65536,784575
1,65536,784884
1,65536,785298
1,65536,785286
1,65536,784956
1,65536,785088
1,65536,785169
1,65536,784950
1,65536,784941
1,65536,785301
1,65536,784902
1,65536,784773
1,65536,784833
1,65536,898983
1,65536,784995
1,65536,784404
1,65536,785397
1,65536,784848
1,65536,785109
1,65536,784917
1,65536,784599
1,65536,784998
1,65536,784869
1,65536,784932
1,65536,784968
1,65536,785283
1,65536,784872
1,65536,784605
1,65536,784635
1,65536,835005
1,65536,811056
1,65536,784518
1,65536,784935
1,65536,784350
1,65536,785136
1,65536,784971
1,65536,785115
1,65536,784548
1,65536,784695
1,65536,784548
1,65536,785559
1,65536,784710
1,65536,784725
1,65536,784428
1,65536,784848
1,65536,785610
1,65536,815094
1,65536,785343
1,65536,785127
1,65536,785292
1,65536,784830
1,65536,784773
1,65536,785229
1,65536,784554
1,65536,784647
1,65536,785127
1,65536,784956
1,65536,785286
1,65536,784878
1,65536,784785
1,65536,785415
1,65536,785427
1,65536,784788
1,102400,2409557
1,102400,1253946
1,102400,1223250
1,102400,1601730
1,102400,2157042
1,102400,2155050
1,102400,2155668
1,102400,2155044
1,102400,2155374
1,102400,2201640
1,102400,2156898
1,102400,2154600
1,102400,2155578
1,102400,2155032
1,102400,2155044
1,102400,2188812
1,102400,2155536
1,102400,2156250
1,102400,2156538
1,102400,2154234
1,102400,2156220
1,102400,2211732
1,102400,1313985
1,102400,1222785
1,102400,1222998
1,102400,1223082
1,102400,1222689
1,102400,1223577
1,102400,1223013
1,102400,1222905
1,102400,1222899
1,102400,1223172
1,102400,1336188
1,102400,1223229
1,102400,1222644
1,102400,1224036
1,102400,1223028
1,102400,1222815
1,102400,1223484
1,102400,1222983
1,102400,1223499
1,102400,1222596
1,102400,1223625
1,102400,1300416
1,102400,1223406
1,102400,1223115
1,102400,1222380
1,102400,1223664
1,102400,1222167
1,102400,1223322
1,102400,1223079
1,102400,1223736
1,102400,1223805
1,102400,1252719
1,102400,1223631
1,102400,1223343
1,102400,1223163
1,102400,1223583
1,102400,1222698
1,102400,1223607
1,102400,1223319
1,102400,1222446
1,102400,1223598
1,102400,1222197
1,102400,1239894
1,102400,1223229
1,102400,1223019
1,102400,1223946
1,102400,1222266
1,102400,1224051
1,102400,1222116
1,102400,1222920
1,102400,1222335
1,102400,1222716
1,102400,1222488
1,102400,1238460
1,102400,1223946
1,102400,1223571
1,102400,1222836
1,102400,1223373
1,102400,1223007
1,102400,1223025
1,102400,1223457
1,102400,1223352
1,102400,1222911
1,102400,1247505
1,102400,1331313
1,102400,1218132
1,102400,1222389
1,102400,1223274
1,102400,1223229
1,102400,1223439
1,102400,1223127
1,102400,1223187
1,102400,1223319
1,102400,1222926
1,102400,1242282
1,102400,1223748
1,102400,1223538
1,102400,1223133
1,102400,4245738
1,102400,2384124
1,102400,2382102
1,102400,2381568
1,102400,2445306
1,102400,2383176
1,102400,2380998
1,102400,2382288
1,102400,2382474
1,102400,2381484
1,102400,2436042
1,102400,2381208
1,102400,2382432
1,102400,2381682
1,102400,2381022
1,102400,2365986
1,102400,1223208
1,102400,1224588
1,102400,1223430
1,102400,1223154
1,102400,1223109
1,102400,1223031
1,102400,1223751
1,102400,1222530
1,102400,1222707
1,102400,1222551
1,102400,1300923
1,102400,1222731
1,102400,1223520
1,102400,1222716
1,102400,1222845
1,102400,1223112
1,102400,1223976
1,102400,1223358
1,102400,1223775
1,102400,1222959
1,102400,1242930
1,102400,1223604
1,102400,1223571
1,102400,1223310
1,102400,1223439
1,102400,1222743
1,102400,1223745
1,102400,1223055
1,102400,1223379
1,102400,1223832
1,102400,1223460
1,102400,1250178
1,102400,1223616
1,102400,1223094
1,102400,1223964
1,102400,1222995
1,102400,1223517
1,102400,1223613
1,102400,1224237
1,102400,1222974
1,102400,1223949
1,102400,1222956
1,102400,1242555
1,102400,1222650
1,102400,1222248
1,102400,1223346
1,102400,1222719
1,102400,1223382
1,102400,1223007
1,102400,1224027
1,102400,1222704
1,102400,1223664
1,102400,1222848
1,102400,1289745
1,102400,1223670
1,102400,1223490
1,102400,1224333
1,102400,1224327
1,102400,1223487
1,102400,1224084
1,102400,1223034
1,102400,1223526
1,102400,1223538
1,102400,1306206
1,102400,1272699
1,102400,1223145
1,102400,1223949
1,102400,1223319
1,102400,1223475
1,102400,1223313
1,102400,1224009
1,102400,1223307
1,102400,1223652
1,102400,1222926
1,102400,1240470
1,102400,1222716
1,102400,1224099
1,102400,1223367
1,102400,1223253
1,102400,1223424
1,102400,1223472
1,102400,1223529
1,102400,1223121
1,102400,1222995
1,147456,4568606
1,147456,2423244
1,147456,2421144
1,147456,2421544
1,147456,2419732
1,147456,2472080
1,147456,2424400
1,147456,2421332
1,147456,2421484
1,147456,2420692
1,147456,2421180
1,147456,2659200
1,147456,2616235
1,147456,2615535
1,147456,2614148
1,147456,2614589
1,147456,2658084
1,147456,2616295
1,147456,2613697
1,147456,2613473
1,147456,2614083
1,147456,2643736
1,147456,2613209
1,147456,2613229
1,147456,2615809
1,147456,2614178
1,147456,2117058
1,147456,1767234
1,147456,1766418
1,147456,1767138
1,147456,1767135
1,147456,1766796
1,147456,1766025
1,147456,1784202
1,147456,1766352
1,147456,1767276
1,147456,1766172
1,147456,1766067
1,147456,1765767
1,147456,1766586
1,147456,1765911
1,147456,1785450
1,147456,1767162
1,147456,1766241
1,147456,1766223
1,147456,1766145
1,147456,1766568
1,147456,1765854
1,147456,1796094
1,147456,1767543
1,147456,1766379
1,147456,1765974
1,147456,1767438
1,147456,1765542
1,147456,1767225
1,147456,1838874
1,147456,1816311
1,147456,1766850
1,147456,1765755
1,147456,1765641
1,147456,1766718
1,147456,1766337
1,147456,1767210
1,147456,1784466
1,147456,1766850
1,147456,1765932
1,147456,1767048
1,147456,1766997
1,147456,1766907
1,147456,1767015
1,147456,1794168
1,147456,1767939
1,147456,1767327
1,147456,1767345
1,147456,1766376
1,147456,1766382
1,147456,1766346
1,147456,1766040
1,147456,1786038
1,147456,1766985
1,147456,1766265
1,147456,1767150
1,147456,1767060
1,147456,1765908
1,147456,1766805
1,147456,1781037
1,147456,1766643
1,147456,1766892
1,147456,1766802
1,147456,1766538
1,147456,1766925
1,147456,1766541
1,147456,1766211
1,147456,1786887
1,147456,1759344
1,147456,1765569
1,147456,1766112
1,147456,1766889
1,147456,1766895
1,147456,1766847
1,147456,3231255
1,147456,3819093
1,147456,3832425
1,147456,3833419
1,147456,3897140
1,147456,3832460
1,147456,3832579
1,147456,3869357
1,147456,3817635
1,147456,3817607
1,147456,3918205
1,147456,1895892
1,147456,1761180
1,147456,1761054
1,147456,1760787
1,147456,1761393
1,147456,1761192
1,147456,1760883
1,147456,1837095
1,147456,1760922
1,147456,1760727
1,147456,1761120
1,147456,1761300
1,147456,1761498
1,147456,1760658
1,147456,1777026
1,147456,1760748
1,147456,1760865
1,147456,1761087
1,147456,1761021
1,147456,1760016
1,147456,1761471
1,147456,1760532
1,147456,1789530
1,147456,1760460
1,147456,1760724
1,147456,1761396
1,147456,1760847
1,147456,1760646
1,147456,1760283
1,147456,1780209
1,147456,1761234
1,147456,1760970
1,147456,1760859
1,147456,1760562
1,147456,1761039
1,147456,1760856
1,147456,1760655
1,147456,1776954
1,147456,1761366
1,147456,1761540
1,147456,1760619
1,147456,1761060
1,147456,1760580
1,147456,1761282
1,147456,1892316
1,147456,1760109
1,147456,1839327
1,147456,1760307
1,147456,1760682
1,147456,1760997
1,147456,1760502
1,147456,1780188
1,147456,1761990
1,147456,1761114
1,147456,1761276
1,147456,1760634
1,147456,1762059
1,147456,1760793
1,147456,1761462
1,147456,1775367
1,147456,1761477
1,147456,1761081
1,147456,1760469
1,147456,1760922
1,147456,1761165
1,147456,1761201
1,147456,1788822
1,147456,1760910
1,147456,1761042
1,147456,1761627
1,147456,1760988
1,147456,1760289
1,147456,1761612
1,147456,1761483
1,147456,1779588
1,147456,1761066
1,147456,1760358
1,147456,1761321
1,147456,1760529
1,147456,1760793
1,147456,1760529
1,147456,1775505
1,147456,1761411
1,147456,1761141
1,147456,1759854
1,147456,1760796
1,147456,1761234
1,147456,1760793
1,147456,1760799
1,200704,5757375
1,200704,3078212
1,200704,4158346
1,200704,5566827
1,200704,5609670
1,200704,5557662
1,200704,5553743
1,200704,5623860
1,200704,5563354
1,200704,4815729
1,200704,2410092
1,200704,2404218
1,200704,2403849
1,200704,2402475
1,200704,2424660
1,200704,2407587
1,200704,2401782
1,200704,2403507
1,200704,2402379
1,200704,2403402
1,200704,2432409
1,200704,2409288
1,200704,2403348
1,200704,2402451
1,200704,2402550
1,200704,2437962
1,200704,2403774
1,200704,2403078
1,200704,2402631
1,200704,2401968
1,200704,2403801
1,200704,2426328
1,200704,2407149
1,200704,2402991
1,200704,2402592
1,200704,2402145
1,200704,2422614
1,200704,2407626
1,200704,2404050
1,200704,2402898
1,200704,2403984
1,200704,2402769
1,200704,2536254
1,200704,2406015
1,200704,2402775
1,200704,2403426
1,200704,2402661
1,200704,2424588
1,200704,2407758
1,200704,2403159
1,200704,2401863
1,200704,2402646
1,200704,2403474
1,200704,2426592
1,200704,2405739
1,200704,2403399
1,200704,2402595
1,200704,2402328
1,200704,2434911
1,200704,2407062
1,200704,2404245
1,200704,2402964
1,200704,2403309
1,200704,2402931
1,200704,2429268
1,200704,2404248
1,200704,2401734
1,200704,2401689
1,200704,2401032
1,200704,2424381
1,200704,2407710
1,200704,2404173
1,200704,2404434
1,200704,2402325
1,200704,2403363
1,200704,2539002
1,200704,2405103
1,200704,2403462
1,200704,2402583
1,200704,2402850
1,200704,2418840
1,200704,2405322
1,200704,2403201
1,200704,2402610
1,200704,2402322
1,200704,2421522
1,200704,2408691
1,200704,2402337
1,200704,2403429
1,200704,2401791
1,200704,2402052
1,200704,2437236
1,200704,2404632
1,200704,2402379
1,200704,2402760
1,200704,2403129
1,200704,2423175
1,200704,2408772
1,200704,2402097
1,200704,2401029
1,200704,7073663
1,200704,3861832
1,200704,3866661
1,200704,3923578
1,200704,3867682
1,200704,3862826
1,200704,3910765
1,200704,3561360
1,200704,3556434
1,200704,3555293
1,200704,3608499
1,200704,3558827
1,200704,3557039
1,200704,3557567
1,200704,3583374
1,200704,3557761
1,200704,3556324
1,200704,3500960
1,200704,2407428
1,200704,2405856
1,200704,2404584
1,200704,2406504
1,200704,2405985
1,200704,2422341
1,200704,2406177
1,200704,2405382
1,200704,2404371
1,200704,2405565
1,200704,2423700
1,200704,2406045
1,200704,2404926
1,200704,2404923
1,200704,2404575
1,200704,2404962
1,200704,2486331
1,200704,2406357
1,200704,2404347
1,200704,2405796
1,200704,2404869
1,200704,2473788
1,200704,2440170
1,200704,2405025
1,200704,2404500
1,200704,2406597
1,200704,2403660
1,200704,2418987
1,200704,2406000
1,200704,2405052
1,200704,2406087
1,200704,2404182
1,200704,2437350
1,200704,2405763
1,200704,2404737
1,200704,2403996
1,200704,2405361
1,200704,2423736
1,200704,2405901
1,200704,2406681
1,200704,2404542
1,200704,2405628
1,200704,2405238
1,200704,2424780
1,200704,2405841
1,200704,2405103
1,200704,2405814
1,200704,2404875
1,200704,2434797
1,200704,2405733
1,200704,2405571
1,200704,2405205
1,200704,2405004
1,200704,2404443
1,200704,2426355
1,200704,2406315
1,200704,2403006
1,200704,2405964
1,200704,2405448
1,200704,2423259
1,200704,2407947
1,200704,2405718
1,200704,2404935
1,200704,2405262
1,200704,2406468
1,200704,2437761
1,200704,2406315
1,200704,2404335
1,200704,2404410
1,200704,2405400
1,200704,2422977
1,200704,2407197
1,200704,2405427
1,200704,2405457
1,200704,2406015
1,200704,2404728
1,200704,2421141
1,200704,2406171
1,200704,2404506
1,200704,2403243
1,200704,2404620
1,200704,2432463
1,262144,5868951
1,262144,7324564
1,262144,7340050
1,262144,7313600
1,262144,7320159
1,262144,7303708
1,262144,7335347
1,262144,7298602
1,262144,3646064
1,262144,3162816
1,262144,3156288
1,262144,3158490
1,262144,3435378
1,262144,3249144
1,262144,3244902
1,262144,3245754
1,262144,3258879
1,262144,3162702
1,262144,3155577
1,262144,3155466
1,262144,3303534
1,262144,3164118
1,262144,3158541
1,262144,3156741
1,262144,3189603
1,262144,3164364
1,262144,3156141
1,262144,3155904
1,262144,3310818
1,262144,3170040
1,262144,3158121
1,262144,3157167
1,262144,3180318
1,262144,3166371
1,262144,3155862
1,262144,3157941
1,262144,3185055
1,262144,3167217
1,262144,3159048
1,262144,3158001
1,262144,3203919
1,262144,3169836
1,262144,3157704
1,262144,3155730
1,262144,3156552
1,262144,3188271
1,262144,3157110
1,262144,3156087
1,262144,3156237
1,262144,3185139
1,262144,3161943
1,262144,3158166
1,262144,3155769
1,262144,3197583
1,262144,3162429
1,262144,3157164
1,262144,3157719
1,262144,3187911
1,262144,3168882
1,262144,3156522
1,262144,3158553
1,262144,3181707
1,262144,3167814
1,262144,3156516
1,262144,3156789
1,262144,3204252
1,262144,3167796
1,262144,3157854
1,262144,3157590
1,262144,3158241
1,262144,3196773
1,262144,3159825
1,262144,3156471
1,262144,3155796
1,262144,3186351
1,262144,3161148
1,262144,3158265
1,262144,3155937
1,262144,3207672
1,262144,3166803
1,262144,3156606
1,262144,3156735
1,262144,3187404
1,262144,3166683
1,262144,3156165
1,262144,3159081
1,262144,3186780
1,262144,3169572
1,262144,3156297
1,262144,3157356
1,262144,3202932
1,262144,3163950
1,262144,3158160
1,262144,3157704
1,262144,3187926
1,262144,3161235
1,262144,3158025
1,262144,3156705
1,262144,3156807
1,262144,3195243
1,262144,7204524
1,262144,5581380
1,262144,4657200
1,262144,3254715
1,262144,3241134
1,262144,3237909
1,262144,3277041
1,262144,3160467
1,262144,3154908
1,262144,3153192
1,262144,3280104
1,262144,3163617
1,262144,3152868
1,262144,3153144
1,262144,3256782
1,262144,3166104
1,262144,3154191
1,262144,3152889
1,262144,3369390
1,262144,3208962
1,262144,3242160
1,262144,3239811
1,262144,3270351
1,262144,3204825
1,262144,3154494
1,262144,3151956
1,262144,3152412
1,262144,3324699
1,262144,3156582
1,262144,3150231
1,262144,3150792
1,262144,3189354
1,262144,3157332
1,262144,3151662
1,262144,3151599
1,262144,3285963
1,262144,3163314
1,262144,3152385
1,262144,3153147
1,262144,3204699
1,262144,3165972
1,262144,3154707
1,262144,3151995
1,262144,3177525
1,262144,3161784
1,262144,3152037
1,262144,3152739
1,262144,3177192
1,262144,3156324
1,262144,3154524
1,262144,3151104
1,262144,3203301
1,262144,3168534
1,262144,3154503
1,262144,3153306
1,262144,3155322
1,262144,3188886
1,262144,3156129
1,262144,3153891
1,262144,3153498
1,262144,3176124
1,262144,3160413
1,262144,3153279
1,262144,3153477
1,262144,3194886
1,262144,3167604
1,262144,3153762
1,262144,3153285
1,262144,3181257
1,262144,3163668
1,262144,3152292
1,262144,3152214
1,262144,3179010
1,262144,3164745
1,262144,3153537
1,262144,3152007
1,262144,3203004
1,262144,3168513
1,262144,3154218
1,262144,3152436
1,262144,3153138
1,262144,3190905
1,262144,3153720
1,262144,3151755
1,262144,3152958
1,262144,3174969
1,262144,3160062
1,262144,3153645
1,262144,3152661
1,262144,3194703
1,262144,3165498
1,262144,3153669
1,262144,3152403
1,262144,3174651
1,262144,3161838
1,262144,3154440
1,262144,3152619
1,262144,3179613
1,262144,3162852
1,262144,3152370
